<?xml version="1.0" encoding="UTF-8" standalone="no"?><entities>
	<entity>
		<entity-name>be.vdab.cultuurhuis.domain.Genre</entity-name>
		<entity-width>120</entity-width>
		<entity-height>146</entity-height>
		<entity-X-Coordinate>50</entity-X-Coordinate>
		<entity-Y-Coordinate>50</entity-Y-Coordinate>
		<primary-collapsed>false</primary-collapsed>
		<relation-collapsed>false</relation-collapsed>
		<basic-collapsed>false</basic-collapsed>
	</entity>

	<entity>
		<entity-name>be.vdab.cultuurhuis.domain.Voorstelling</entity-name>
		<entity-width>120</entity-width>
		<entity-height>226</entity-height>
		<entity-X-Coordinate>490</entity-X-Coordinate>
		<entity-Y-Coordinate>50</entity-Y-Coordinate>
		<primary-collapsed>false</primary-collapsed>
		<relation-collapsed>false</relation-collapsed>
		<basic-collapsed>false</basic-collapsed>
	</entity>
</entities>